Date,URTH
2012-01-12,38.786598
2012-01-13,38.786598
2012-01-17,38.786598
2012-01-18,38.786598
2012-01-19,39.927841
2012-01-20,39.927841
2012-01-23,39.927841
2012-01-24,39.827591
2012-01-25,39.827591
2012-01-26,39.827591
2012-01-27,39.827591
2012-01-30,39.827591
2012-01-31,39.827591
2012-02-01,40.837734
2012-02-02,40.837734
2012-02-03,41.308109
2012-02-06,41.308109
2012-02-07,41.308109
2012-02-08,41.308109
2012-02-09,41.308109
2012-02-10,41.308109
2012-02-13,41.308109
2012-02-14,41.308109
2012-02-15,41.308109
2012-02-16,41.308109
2012-02-17,41.308109
2012-02-21,42.410789
2012-02-22,42.410789
2012-02-23,42.410789
2012-02-24,42.410789
2012-02-27,42.410789
2012-02-28,42.410789
2012-02-29,42.410789
2012-03-01,42.410789
2012-03-02,42.009819
2012-03-05,42.009819
2012-03-06,42.009819
2012-03-07,42.009819
2012-03-08,41.693657
2012-03-09,41.847900
2012-03-12,41.847900
2012-03-13,41.847900
2012-03-14,42.210297
2012-03-15,42.210297
2012-03-16,42.210297
2012-03-19,42.210297
2012-03-20,42.210297
2012-03-21,42.210297
2012-03-22,42.210297
2012-03-23,42.210297
2012-03-26,42.210297
2012-03-27,42.927429
2012-03-28,42.480194
2012-03-29,42.233444
2012-03-30,42.395374
2012-04-02,42.395374
2012-04-03,42.395374
2012-04-04,42.395374
2012-04-05,41.832470
2012-04-09,41.493179
2012-04-10,40.845459
2012-04-11,41.223286
2012-04-12,41.863312
2012-04-13,41.863312
2012-04-16,41.246429
2012-04-17,42.079212
2012-04-18,42.079212
2012-04-19,42.079212
2012-04-20,42.079212
2012-04-23,42.079212
2012-04-24,42.079212
2012-04-25,42.079212
2012-04-26,42.079212
2012-04-27,42.565018
2012-04-30,42.565018
2012-05-01,42.696102
2012-05-02,42.287422
2012-05-03,42.287422
2012-05-04,42.287422
2012-05-07,41.400639
2012-05-08,41.400639
2012-05-09,40.637253
2012-05-10,40.637253
2012-05-11,40.637253
2012-05-14,40.066631
2012-05-15,40.066631
2012-05-16,40.066631
2012-05-17,39.233837
2012-05-18,38.894543
2012-05-21,38.894543
2012-05-22,38.894543
2012-05-23,38.678654
2012-05-24,38.678654
2012-05-25,38.678654
2012-05-29,38.678654
2012-05-30,39.110466
2012-05-31,38.933113
2012-06-01,38.933113
2012-06-04,38.933113
2012-06-05,38.038624
2012-06-06,38.832874
2012-06-07,38.832874
2012-06-08,38.832874
2012-06-11,38.832874
2012-06-12,38.832874
2012-06-13,38.832874
2012-06-14,38.832874
2012-06-15,38.832874
2012-06-18,38.832874
2012-06-19,40.598698
2012-06-20,40.490738
2012-06-21,39.786835
2012-06-22,39.786835
2012-06-25,39.786835
2012-06-26,39.786835
2012-06-27,39.786835
2012-06-28,39.786835
2012-06-29,39.786835
2012-07-02,39.786835
2012-07-03,39.786835
2012-07-05,39.786835
2012-07-06,39.786835
2012-07-09,40.123138
2012-07-10,40.123138
2012-07-11,40.123138
2012-07-12,40.123138
2012-07-13,40.123138
2012-07-16,40.123138
2012-07-17,40.123138
2012-07-18,40.615894
2012-07-19,40.615894
2012-07-20,40.615894
2012-07-23,40.615894
2012-07-24,40.615894
2012-07-25,40.615894
2012-07-26,40.287395
2012-07-27,40.631535
2012-07-30,41.108624
2012-07-31,41.108624
2012-08-01,41.108624
2012-08-02,40.897449
2012-08-03,40.209171
2012-08-06,41.515339
2012-08-07,41.515339
2012-08-08,41.773438
2012-08-09,41.773438
2012-08-10,41.773438
2012-08-13,41.773438
2012-08-14,41.773438
2012-08-15,41.773438
2012-08-16,41.773438
2012-08-17,42.101925
2012-08-20,42.101925
2012-08-21,42.101925
2012-08-22,42.156677
2012-08-23,42.055000
2012-08-24,42.055000
2012-08-27,42.227062
2012-08-28,42.227062
2012-08-29,42.227062
2012-08-30,41.773438
2012-08-31,41.968967
2012-09-04,41.968967
2012-09-05,41.945499
2012-09-06,41.945499
2012-09-07,43.251652
2012-09-10,43.134331
2012-09-11,43.376793
2012-09-12,43.470657
2012-09-13,44.354458
2012-09-14,44.573452
2012-09-17,44.393555
2012-09-18,44.276241
2012-09-19,44.276241
2012-09-20,44.276241
2012-09-21,44.330990
2012-09-24,44.330990
2012-09-25,44.330990
2012-09-26,43.447186
2012-09-27,43.846069
2012-09-28,43.846069
2012-10-01,43.846069
2012-10-02,43.846069
2012-10-03,43.619247
2012-10-04,43.619247
2012-10-05,43.619247
2012-10-08,43.939922
2012-10-09,43.494114
2012-10-10,43.095226
2012-10-11,43.384613
2012-10-12,43.384613
2012-10-15,43.384613
2012-10-16,43.384613
2012-10-17,43.384613
2012-10-18,43.939922
2012-10-19,43.939922
2012-10-22,43.939922
2012-10-23,43.939922
2012-10-24,43.939922
2012-10-25,42.860592
2012-10-26,42.860592
2012-10-31,42.860592
2012-11-01,43.298592
2012-11-02,43.306404
2012-11-05,43.306404
2012-11-06,43.134331
2012-11-07,43.134331
2012-11-08,43.134331
2012-11-09,42.055000
2012-11-12,42.055000
2012-11-13,41.890759
2012-11-14,41.452759
2012-11-15,41.452759
2012-11-16,41.452759
2012-11-19,42.422596
2012-11-20,42.281818
2012-11-21,42.281818
2012-11-23,42.281818
2012-11-26,42.281818
2012-11-27,43.134331
2012-11-28,43.134331
2012-11-29,43.595791
2012-11-30,43.595791
2012-12-03,43.361153
2012-12-04,43.165607
2012-12-05,43.697472
2012-12-06,43.494114
2012-12-07,43.634892
2012-12-10,43.634892
2012-12-11,43.634892
2012-12-12,43.634892
2012-12-13,43.634892
2012-12-14,43.634892
2012-12-17,44.229317
2012-12-18,44.284023
2012-12-19,44.284023
2012-12-20,44.624981
2012-12-21,44.624981
2012-12-24,44.624981
2012-12-26,44.624981
2012-12-27,44.363312
2012-12-28,44.284023
2012-12-31,44.490185
2013-01-02,44.601181
2013-01-03,45.624046
2013-01-04,45.061073
2013-01-07,44.799419
2013-01-08,44.696335
2013-01-09,44.696335
2013-01-10,45.370316
2013-01-11,45.608189
2013-01-14,45.608189
2013-01-15,45.616116
2013-01-16,45.616116
2013-01-17,45.616116
2013-01-18,45.679539
2013-01-22,45.679539
2013-01-23,46.678604
2013-01-24,46.678604
2013-01-25,46.321793
2013-01-28,46.535892
2013-01-29,46.646893
2013-01-30,46.646893
2013-01-31,46.583462
2013-02-01,47.146423
2013-02-04,46.781689
2013-02-05,47.717319
2013-02-06,47.067135
2013-02-07,47.067135
2013-02-08,47.154354
2013-02-11,47.098850
2013-02-12,46.932339
2013-02-13,47.027500
2013-02-14,47.027500
2013-02-15,47.027500
2013-02-19,47.273285
2013-02-20,47.297081
2013-02-21,46.250454
2013-02-22,46.686527
2013-02-25,46.710331
2013-02-26,46.115646
2013-02-27,46.742054
2013-02-28,46.876835
2013-03-01,46.742054
2013-03-04,46.520023
2013-03-05,47.297081
2013-03-06,47.154354
2013-03-07,47.257442
2013-03-08,47.780754
2013-03-11,47.534958
2013-03-12,47.463589
2013-03-13,47.439796
2013-03-14,48.026554
2013-03-15,48.089989
2013-03-18,47.772820
2013-03-19,47.519085
2013-03-20,47.550812
2013-03-21,47.558743
2013-03-22,47.812469
2013-03-25,47.630104
2013-03-26,47.867977
2013-03-27,47.867977
2013-03-28,47.867977
2013-04-01,47.574600
2013-04-02,48.113777
2013-04-03,47.447731
2013-04-04,47.931396
2013-04-05,47.653889
2013-04-08,47.653889
2013-04-09,48.256508
2013-04-10,48.851185
2013-04-11,49.382427
2013-04-12,49.049412
2013-04-15,47.804543
2013-04-16,48.645020
2013-04-17,47.392235
2013-04-18,47.495316
2013-04-19,47.495316
2013-04-22,47.495316
2013-04-23,48.042416
2013-04-24,48.549873
2013-04-25,50.762104
2013-04-26,48.367516
2013-04-29,48.605381
2013-04-30,49.160412
2013-05-01,48.676746
2013-05-02,49.675816
2013-05-03,49.953327
2013-05-06,50.452854
2013-05-07,50.571800
2013-05-08,50.777954
2013-05-09,51.380577
2013-05-10,51.261635
2013-05-13,51.451923
2013-05-14,50.532154
2013-05-15,50.532154
2013-05-16,52.181412
2013-05-17,51.459862
2013-05-20,51.087189
2013-05-21,52.427204
2013-05-22,50.999958
2013-05-23,50.999958
2013-05-24,49.636162
2013-05-28,49.992966
2013-05-29,49.794746
2013-05-30,49.794746
2013-05-31,50.437004
2013-06-03,49.541012
2013-06-04,50.904823
2013-06-05,49.350708
2013-06-06,49.350708
2013-06-07,49.200066
2013-06-10,49.374500
2013-06-11,48.724308
2013-06-12,50.762104
2013-06-13,50.762104
2013-06-14,50.762104
2013-06-17,51.214050
2013-06-18,51.214050
2013-06-19,51.142689
2013-06-20,49.358658
2013-06-21,49.279358
2013-06-24,46.781689
2013-06-25,46.781689
2013-06-26,49.319000
2013-06-27,48.248936
2013-06-28,48.248936
2013-07-01,48.248936
2013-07-02,48.209049
2013-07-03,48.846954
2013-07-05,49.437012
2013-07-08,49.437012
2013-07-09,49.437012
2013-07-10,49.437012
2013-07-11,50.090870
2013-07-12,50.712803
2013-07-15,50.409801
2013-07-16,51.629791
2013-07-17,51.430435
2013-07-18,52.490932
2013-07-19,52.490932
2013-07-22,51.454357
2013-07-23,51.023785
2013-07-24,50.912144
2013-07-25,51.270977
2013-07-26,51.039730
2013-07-29,52.259705
2013-07-30,52.259705
2013-07-31,51.055672
2013-08-01,51.733425
2013-08-02,51.733425
2013-08-05,52.873669
2013-08-06,52.243759
2013-08-07,51.789249
2013-08-08,53.120872
2013-08-09,53.120872
2013-08-12,52.825840
2013-08-13,52.825840
2013-08-14,52.945435
2013-08-15,51.972652
2013-08-16,50.633068
2013-08-19,50.633068
2013-08-20,50.633068
2013-08-21,50.234383
2013-08-22,51.462337
2013-08-23,51.462337
2013-08-26,51.366650
2013-08-27,49.476883
2013-08-28,50.696857
2013-08-29,49.676224
2013-08-30,50.194519
2013-09-03,50.194519
2013-09-04,50.194519
2013-09-05,51.039730
2013-09-06,51.294888
2013-09-09,51.015800
2013-09-10,51.015800
2013-09-11,51.015800
2013-09-12,51.749390
2013-09-13,51.470318
2013-09-16,51.669662
2013-09-17,51.853050
2013-09-18,53.383987
2013-09-19,53.017197
2013-09-20,53.224529
2013-09-23,53.017197
2013-09-24,52.291599
2013-09-25,53.256424
2013-09-26,53.256424
2013-09-27,52.945435
2013-09-30,53.017197
2013-10-01,52.618515
2013-10-02,52.148083
2013-10-03,51.693569
2013-10-04,51.940762
2013-10-07,51.613838
2013-10-08,51.047703
2013-10-09,51.709518
2013-10-10,51.701550
2013-10-11,52.770031
2013-10-14,52.195919
2013-10-15,51.908848
2013-10-16,53.567394
2013-10-17,53.974052
2013-10-18,54.077705
2013-10-21,53.878372
2013-10-22,54.332859
2013-10-23,53.894306
2013-10-24,54.133537
2013-10-25,54.300983
2013-10-28,54.651814
2013-10-29,54.707634
2013-10-30,54.460453
2013-10-31,54.364758
2013-11-01,54.484375
2013-11-04,54.715622
2013-11-05,54.420582
2013-11-06,54.013920
2013-11-07,54.109608
2013-11-08,53.463745
2013-11-11,53.463745
2013-11-12,53.463745
2013-11-13,54.237186
2013-11-14,54.221233
2013-11-15,54.452480
2013-11-18,55.584747
2013-11-19,54.221233
2013-11-20,54.253132
2013-11-21,55.209976
2013-11-22,55.409325
2013-11-25,54.851166
2013-11-26,54.779396
2013-11-27,54.867100
2013-11-29,55.473118
2013-12-02,54.667770
2013-12-03,54.293003
2013-12-04,54.269081
2013-12-05,53.990002
2013-12-06,54.596016
2013-12-09,54.675735
2013-12-10,54.580048
2013-12-11,53.966084
2013-12-12,53.264393
2013-12-13,53.399948
2013-12-16,54.125557
2013-12-17,53.918243
2013-12-18,54.795547
2013-12-19,54.747417
2013-12-20,54.747417
2013-12-23,55.372936
2013-12-24,54.955933
2013-12-26,55.765877
2013-12-27,55.525291
2013-12-30,55.990402
2013-12-31,56.351280
2014-01-02,55.773907
2014-01-03,55.773907
2014-01-06,55.300766
2014-01-07,55.990402
2014-01-08,55.854084
2014-01-09,55.292728
2014-01-10,55.958340
2014-01-13,55.733799
2014-01-14,55.645580
2014-01-15,56.150799
2014-01-16,56.134747
2014-01-17,56.030514
2014-01-21,56.255051
2014-01-22,56.303169
2014-01-23,55.541336
2014-01-24,54.619122
2014-01-27,54.298359
2014-01-28,54.763477
2014-01-29,54.154003
2014-01-30,54.346458
2014-01-31,54.033710
2014-02-03,52.975166
2014-02-04,53.231785
2014-02-05,53.143570
2014-02-06,54.057781
2014-02-07,54.651199
2014-02-10,54.611107
2014-02-11,55.525291
2014-02-12,55.637554
2014-02-13,55.781906
2014-02-14,55.934292
2014-02-18,56.070602
2014-02-19,56.102680
2014-02-20,56.255051
2014-02-21,56.255051
2014-02-24,56.808384
2014-02-25,56.543751
2014-02-26,56.295139
2014-02-27,55.974369
2014-02-28,56.888577
2014-03-03,56.134747
2014-03-04,56.856476
2014-03-05,57.048946
2014-03-06,57.409809
2014-03-07,57.337631
2014-03-10,56.960743
2014-03-11,56.375343
2014-03-12,56.503662
2014-03-13,55.982399
2014-03-14,55.725777
2014-03-17,55.725777
2014-03-18,55.934292
2014-03-19,56.639965
2014-03-20,56.391376
2014-03-21,56.126724
2014-03-24,55.910225
2014-03-25,56.343266
2014-03-26,56.808384
2014-03-27,56.094669
2014-03-28,56.046547
2014-03-31,57.089054
2014-04-01,57.145184
2014-04-02,57.297539
2014-04-03,56.736195
2014-04-04,56.367321
2014-04-07,55.886169
2014-04-08,56.647984
2014-04-09,56.423443
2014-04-10,56.359310
2014-04-11,55.974369
2014-04-14,56.198917
2014-04-15,55.733799
2014-04-16,56.639965
2014-04-17,57.048946
2014-04-21,56.776295
2014-04-22,57.177273
2014-04-23,57.177273
2014-04-24,57.201313
2014-04-25,56.912624
2014-04-28,56.327221
2014-04-29,57.449921
2014-04-30,56.736195
2014-05-01,57.866913
2014-05-02,57.169247
2014-05-05,57.522099
2014-05-06,57.425854
2014-05-07,56.984802
2014-05-08,57.730583
2014-05-09,57.538128
2014-05-12,57.658409
2014-05-13,57.578220
2014-05-14,57.890972
2014-05-15,57.393776
2014-05-16,56.984802
2014-05-19,56.984802
2014-05-20,57.321606
2014-05-21,57.698498
2014-05-22,57.586227
2014-05-23,57.634357
2014-05-27,57.995224
2014-05-28,58.340054
2014-05-29,58.500420
2014-05-30,58.540524
2014-06-02,58.380146
2014-06-03,58.741032
2014-06-04,58.765076
2014-06-05,58.957523
2014-06-06,59.358494
2014-06-09,59.430664
2014-06-10,59.125935
2014-06-11,59.013664
2014-06-12,58.540524
2014-06-13,58.652782
2014-06-16,58.676857
2014-06-17,58.829220
2014-06-18,59.109894
2014-06-19,59.414639
2014-06-20,59.494839
2014-06-23,59.390575
2014-06-24,59.021687
2014-06-25,59.072090
2014-06-26,59.242764
2014-06-27,59.242764
2014-06-30,59.299667
2014-07-01,59.836075
2014-07-02,60.023006
2014-07-03,60.250584
2014-07-07,59.771057
2014-07-08,59.031422
2014-07-09,59.527233
2014-07-10,58.942047
2014-07-11,59.185863
2014-07-14,59.510983
2014-07-15,59.584126
2014-07-16,59.901104
2014-07-17,59.047695
2014-07-18,59.779186
2014-07-21,59.649136
2014-07-22,59.795429
2014-07-23,60.014881
2014-07-24,60.055531
2014-07-25,59.771057
2014-07-28,59.543484
2014-07-29,59.600380
2014-07-30,59.380932
2014-07-31,58.324329
2014-08-01,58.096748
2014-08-04,58.486885
2014-08-05,57.690380
2014-08-06,57.503429
2014-08-07,57.267742
2014-08-08,57.633476
2014-08-11,57.893570
2014-08-12,57.731007
2014-08-13,58.088634
2014-08-14,58.462498
2014-08-15,58.348705
2014-08-18,58.982670
2014-08-19,59.137104
2014-08-20,59.202122
2014-08-21,59.673534
2014-08-22,59.137104
2014-08-25,59.624748
2014-08-26,59.876732
2014-08-27,59.868603
2014-08-28,59.762924
2014-08-29,59.941738
2014-09-02,59.519115
2014-09-03,59.957993
2014-09-04,60.079910
2014-09-05,59.697914
2014-09-08,59.462212
2014-09-09,59.283413
2014-09-10,59.470329
2014-09-11,59.088341
2014-09-12,59.063969
2014-09-15,58.901402
2014-09-16,59.332153
2014-09-17,58.974560
2014-09-18,59.632885
2014-09-19,59.632885
2014-09-22,59.551598
2014-09-23,58.698204
2014-09-24,58.942047
2014-09-25,58.389362
2014-09-26,58.308083
2014-09-29,58.088634
2014-09-30,58.015472
2014-10-01,57.576588
2014-10-02,57.032028
2014-10-03,57.487190
2014-10-06,57.235218
2014-10-07,56.495602
2014-10-08,57.771645
2014-10-09,56.146107
2014-10-10,55.682835
2014-10-13,55.122013
2014-10-14,54.740013
2014-10-15,54.805050
2014-10-16,54.634365
2014-10-17,55.609684
2014-10-20,55.918526
2014-10-21,56.926369
2014-10-22,56.519989
2014-10-23,57.145817
2014-10-24,56.983261
2014-10-27,57.023903
2014-10-28,57.893570
2014-10-29,57.722870
2014-10-30,57.739140
2014-10-31,58.511261
2014-11-03,58.633183
2014-11-04,58.381233
2014-11-05,58.657562
2014-11-06,58.673820
2014-11-07,58.665691
2014-11-10,58.811985
2014-11-11,59.080215
2014-11-12,58.942047
2014-11-13,58.746975
2014-11-14,59.007050
2014-11-17,59.153355
2014-11-18,59.307781
2014-11-19,58.925785
2014-11-20,59.080215
2014-11-21,59.632885
2014-11-24,59.632885
2014-11-25,59.665413
2014-11-26,59.730423
2014-11-28,59.559742
2014-12-01,59.437832
2014-12-02,59.340282
2014-12-03,59.681664
2014-12-04,59.421574
2014-12-05,59.649136
2014-12-08,59.275272
2014-12-09,59.128971
2014-12-10,58.316200
2014-12-11,58.356842
2014-12-12,57.454685
2014-12-15,57.023903
2014-12-16,56.528122
2014-12-17,57.297161
2014-12-18,58.938667
2014-12-19,59.127453
2014-12-22,59.373672
2014-12-23,59.537838
2014-12-24,59.808685
2014-12-26,59.882557
2014-12-29,59.710186
2014-12-30,59.357265
2014-12-31,58.815556
2015-01-02,58.807365
2015-01-05,57.428474
2015-01-06,56.665165
2015-01-07,57.239712
2015-01-08,58.511894
2015-01-09,57.953751
2015-01-12,57.847073
2015-01-13,57.436691
2015-01-14,57.403862
2015-01-15,57.009895
2015-01-16,57.773197
2015-01-20,58.068668
2015-01-21,57.961975
2015-01-22,58.684238
2015-01-23,58.306694
2015-01-26,59.037170
2015-01-27,58.864822
2015-01-28,58.044052
2015-01-29,57.904526
2015-01-30,57.346413
2015-02-02,58.355942
2015-02-03,58.840187
2015-02-04,58.454426
2015-02-05,59.102825
2015-02-06,58.946884
2015-02-09,58.520103
2015-02-10,59.086414
2015-02-11,59.086414
2015-02-12,59.660946
2015-02-13,59.915363
2015-02-17,60.448875
2015-02-18,60.703320
2015-02-19,60.530949
2015-02-20,60.908493
2015-02-23,61.048031
2015-02-24,61.441986
2015-02-25,61.384529
2015-02-26,61.179359
2015-02-27,61.179359
2015-03-02,61.318890
2015-03-03,60.982372
2015-03-04,60.801796
2015-03-05,60.727936
2015-03-06,59.931786
2015-03-09,60.243675
2015-03-10,59.028957
2015-03-11,59.094620
2015-03-12,59.734802
2015-03-13,59.414722
2015-03-16,60.120586
2015-03-17,59.956421
2015-03-18,61.007008
2015-03-19,60.481720
2015-03-20,61.400951
2015-03-23,61.630768
2015-03-24,61.400951
2015-03-25,60.908493
2015-03-26,60.194435
2015-03-27,60.235470
2015-03-30,60.407848
2015-03-31,60.301132
2015-04-01,60.054893
2015-04-02,60.457092
2015-04-06,61.220383
2015-04-07,60.834633
2015-04-08,61.007008
2015-04-09,60.949539
2015-04-10,61.491253
2015-04-13,61.146534
2015-04-14,61.384529
2015-04-15,61.425571
2015-04-16,61.548679
2015-04-17,60.892090
2015-04-20,61.556892
2015-04-21,61.327087
2015-04-22,61.532269
2015-04-23,61.803135
2015-04-24,62.065777
2015-04-27,62.000111
2015-04-28,62.106804
2015-04-29,61.663597
2015-04-30,61.376320
2015-05-01,61.597939
2015-05-04,62.238129
2015-05-05,61.441986
2015-05-06,61.154747
2015-05-07,61.384529
2015-05-08,62.221706
2015-05-11,62.115021
2015-05-12,61.770298
2015-05-13,62.156048
2015-05-14,62.615673
2015-05-15,62.771629
2015-05-18,62.246346
2015-05-19,63.378990
2015-05-20,62.870121
2015-05-21,63.042469
2015-05-22,62.927563
2015-05-26,62.016541
2015-05-27,62.467934
2015-05-28,62.115021
2015-05-29,61.638977
2015-06-01,61.918045
2015-06-02,62.131428
2015-06-03,62.016541
2015-06-04,61.400951
2015-06-05,61.335300
2015-06-08,60.924915
2015-06-09,60.990566
2015-06-10,61.918045
2015-06-11,61.983704
2015-06-12,61.556892
2015-06-15,61.220383
2015-06-16,61.368114
2015-06-17,61.565098
2015-06-18,61.466621
2015-06-19,61.868778
2015-06-22,61.942677
2015-06-23,62.041145
2015-06-24,61.524059
2015-06-25,61.429398
2015-06-26,61.653648
2015-06-29,59.992489
2015-06-30,59.967575
2015-07-01,60.457600
2015-07-02,60.582199
2015-07-06,59.801456
2015-07-07,60.009094
2015-07-08,58.381172
2015-07-09,59.527363
2015-07-10,60.640331
2015-07-13,60.698490
2015-07-14,61.221733
2015-07-15,61.230042
2015-07-16,61.711788
2015-07-17,61.695168
2015-07-20,61.537365
2015-07-21,61.404461
2015-07-22,61.080536
2015-07-23,61.296486
2015-07-24,60.540668
2015-07-27,59.950951
2015-07-28,61.022396
2015-07-29,61.338009
2015-07-30,61.421074
2015-07-31,61.545662
2015-08-03,61.346336
2015-08-04,61.296486
2015-08-05,61.529041
2015-08-06,60.872902
2015-08-07,60.972588
2015-08-10,61.445995
2015-08-11,61.097153
2015-08-12,60.590485
2015-08-13,60.540668
2015-08-14,60.598816
2015-08-17,60.748302
2015-08-18,60.823074
2015-08-19,60.142002
2015-08-20,58.713413
2015-08-21,56.944267
2015-08-24,54.776478
2015-08-25,55.133617
2015-08-26,56.553905
2015-08-27,58.024021
2015-08-28,58.040649
2015-08-31,57.500763
2015-09-01,55.789772
2015-09-02,56.670181
2015-09-03,56.578808
2015-09-04,55.557217
2015-09-08,57.243271
2015-09-09,56.479153
2015-09-10,56.595425
2015-09-11,56.553905
2015-09-14,56.445927
2015-09-15,56.994110
2015-09-16,57.575504
2015-09-17,57.583828
2015-09-18,56.612041
2015-09-21,56.562218
2015-09-22,55.631966
2015-09-23,55.648575
2015-09-24,55.656876
2015-09-25,56.113697
2015-09-28,54.186760
2015-09-29,54.004036
2015-09-30,55.457546
2015-10-01,55.507381
2015-10-02,55.955898
2015-10-05,57.533970
2015-10-06,57.409393
2015-10-07,57.907742
2015-10-08,57.999100
2015-10-09,58.156921
2015-10-12,58.131985
2015-10-13,57.575504
2015-10-14,57.766552
2015-10-15,58.713413
2015-10-16,58.713413
2015-10-19,58.605434
2015-10-20,58.680183
2015-10-21,58.148605
2015-10-22,59.020710
2015-10-23,59.427704
2015-10-26,59.377857
2015-10-27,59.286499
2015-10-28,59.435997
2015-10-29,59.867897
2015-10-30,59.319725
2015-11-02,59.809757
2015-11-03,59.992489
2015-11-04,59.759907
2015-11-05,59.984169
2015-11-06,59.618729
2015-11-09,58.995796
2015-11-10,59.112080
2015-11-11,59.045620
2015-11-12,58.314735
2015-11-13,57.907742
2015-11-16,58.788143
2015-11-17,58.854607
2015-11-18,59.402782
2015-11-19,59.427704
2015-11-20,59.660255
2015-11-23,59.294804
2015-11-24,59.560596
2015-11-25,59.543968
2015-11-27,59.361256
2015-11-30,59.485844
2015-12-01,59.851280
2015-12-02,59.543968
2015-12-03,58.979187
2015-12-04,59.859589
2015-12-07,59.402782
2015-12-08,58.837994
2015-12-09,58.497444
2015-12-10,58.530682
2015-12-11,57.417690
2015-12-14,57.583828
2015-12-15,58.090469
2015-12-16,58.788143
2015-12-17,58.148605
2015-12-18,57.384468
2015-12-21,57.635548
2015-12-22,58.198128
2015-12-23,59.113369
2015-12-24,58.777500
2015-12-28,58.844677
2015-12-29,59.449245
2015-12-30,58.785908
2015-12-31,58.441643
2016-01-04,57.601963
2016-01-05,57.198902
2016-01-06,56.535568
2016-01-07,54.705067
2016-01-08,54.419567
2016-01-11,54.503540
2016-01-12,54.814220
2016-01-13,53.663864
2016-01-14,54.595909
2016-01-15,52.849365
2016-01-19,53.168457
2016-01-20,52.471519
2016-01-21,52.647850
2016-01-22,53.898975
2016-01-25,53.076084
2016-01-26,54.024929
2016-01-27,53.571499
2016-01-28,53.798210
2016-01-29,54.872997
2016-02-01,54.906593
2016-02-02,53.773022
2016-02-03,54.150883
2016-02-04,54.209652
2016-02-05,53.185238
2016-02-08,52.404346
2016-02-09,51.900539
2016-02-10,51.959312
2016-02-11,51.405125
2016-02-12,52.169235
2016-02-16,53.344784
2016-02-17,54.176060
2016-02-18,54.167671
2016-02-19,53.999729
2016-02-22,54.587513
2016-02-23,53.865391
2016-02-24,54.016533
2016-02-25,54.688271
2016-02-26,54.646286
2016-02-29,54.553925
2016-03-01,55.830231
2016-03-02,56.082146
2016-03-03,56.401215
2016-03-04,56.930206
2016-03-07,56.728695
2016-03-08,56.082146
2016-03-09,56.510376
2016-03-10,56.292057
2016-03-11,57.618755
2016-03-14,57.400425
2016-03-15,57.257687
2016-03-16,57.669128
2016-03-17,58.013393
2016-03-18,58.038582
2016-03-21,58.063793
2016-03-22,58.114155
2016-03-23,57.408836
2016-03-24,57.492817
2016-03-28,57.660728
2016-03-29,58.223305
2016-03-30,58.575985
2016-03-31,58.248524
2016-04-01,58.105766
2016-04-04,57.954624
2016-04-05,57.156944
2016-04-06,58.013393
2016-04-07,57.207306
2016-04-08,57.895832
2016-04-11,57.643932
2016-04-12,58.290489
2016-04-13,59.172165
2016-04-14,59.205746
2016-04-15,59.021023
2016-04-18,59.398869
2016-04-19,60.020233
2016-04-20,60.179768
2016-04-21,59.701160
2016-04-22,59.944672
2016-04-25,59.575191
2016-04-26,59.692749
2016-04-27,59.843899
2016-04-28,59.247734
2016-04-29,58.869873
2016-05-02,59.650776
2016-05-03,58.844677
2016-05-04,58.156151
2016-05-05,58.214928
2016-05-06,58.156151
2016-05-09,58.441643
2016-05-10,59.079788
2016-05-11,58.534008
2016-05-12,58.668354
2016-05-13,57.971409
2016-05-16,58.886658
2016-05-17,58.114155
2016-05-18,58.231709
2016-05-19,57.996609
2016-05-20,58.324078
2016-05-23,58.290489
2016-05-24,58.945442
2016-05-25,59.516430
2016-05-26,59.382080
2016-05-27,59.474445
2016-05-31,59.348492
2016-06-01,59.440845
2016-06-02,59.499641
2016-06-03,59.751526
2016-06-06,59.919483
2016-06-07,60.188168
2016-06-08,60.482048
2016-06-09,59.969849
2016-06-10,58.937050
2016-06-13,58.559196
2016-06-14,58.097378
2016-06-15,58.248524
2016-06-16,58.332485
2016-06-17,58.475216
2016-06-20,59.323299
2016-06-21,59.516430
2016-06-22,59.430611
2016-06-23,60.713528
2016-06-24,57.323574
2016-06-27,56.040653
2016-06-28,57.136642
2016-06-29,58.394081
2016-06-30,58.903862
2016-07-01,59.065292
2016-07-05,58.368591
2016-07-06,58.504528
2016-07-07,58.368591
2016-07-08,59.269180
2016-07-11,59.685505
2016-07-12,60.382183
2016-07-13,60.458641
2016-07-14,60.713528
2016-07-15,60.535118
2016-07-18,60.671051
2016-07-19,60.586071
2016-07-20,60.764511
2016-07-21,60.713528
2016-07-22,60.857944
2016-07-25,60.798496
2016-07-26,60.908943
2016-07-27,60.722031
2016-07-28,61.002407
2016-07-29,61.350739
2016-08-01,61.078865
2016-08-02,60.815495
2016-08-03,60.662544
2016-08-04,60.815495
2016-08-05,61.248779
2016-08-08,61.384724
2016-08-09,61.656605
2016-08-10,61.503674
2016-08-11,61.996449
2016-08-12,61.962463
2016-08-15,62.132393
2016-08-16,61.953972
2016-08-17,62.013443
2016-08-18,62.183369
2016-08-19,61.962463
2016-08-22,61.852024
2016-08-23,62.166363
2016-08-24,61.894505
2016-08-25,61.605625
2016-08-26,61.478184
2016-08-29,61.801029
2016-08-30,61.665104
2016-08-31,61.554642
2016-09-01,61.716084
2016-09-02,62.081413
2016-09-06,62.514721
2016-09-07,62.463741
2016-09-08,62.344776
2016-09-09,60.832470
2016-09-12,61.554642
2016-09-13,60.407669
2016-09-14,60.390675
2016-09-15,60.764511
2016-09-16,60.577595
2016-09-19,60.662544
2016-09-20,60.492641
2016-09-21,61.597137
2016-09-22,61.979443
2016-09-23,61.580143
2016-09-26,61.010883
2016-09-27,61.359230
2016-09-28,61.758575
2016-09-29,61.214809
2016-09-30,61.733093
2016-10-03,61.444202
2016-10-04,61.393230
2016-10-05,61.648117
2016-10-06,61.367737
2016-10-07,61.163822
2016-10-10,61.529156
2016-10-11,60.705044
2016-10-12,60.662544
2016-10-13,60.492641
2016-10-14,60.433159
2016-10-17,60.331215
2016-10-18,60.857944
2016-10-19,61.010883
2016-10-20,60.985409
2016-10-21,60.874969
2016-10-24,61.027882
2016-10-25,60.976913
2016-10-26,60.739014
2016-10-27,60.620071
2016-10-28,60.603081
2016-10-31,60.424660
2016-11-01,60.169785
2016-11-02,59.744976
2016-11-03,59.456100
2016-11-04,59.260704
2016-11-07,60.518116
2016-11-08,60.603081
2016-11-09,60.908943
2016-11-10,60.917442
2016-11-11,60.688042
2016-11-14,60.611572
2016-11-15,60.883446
2016-11-16,60.645561
2016-11-17,61.070381
2016-11-18,60.781502
2016-11-21,61.257275
2016-11-22,61.265797
2016-11-23,61.240280
2016-11-25,61.444202
2016-11-28,61.299763
2016-11-29,61.588642
2016-11-30,61.435699
2016-12-01,61.240280
2016-12-02,61.342243
2016-12-05,61.571640
2016-12-06,61.885998
2016-12-07,62.769592
2016-12-08,62.897026
2016-12-09,63.041473
2016-12-12,63.007484
2016-12-13,63.542763
2016-12-14,62.897026
2016-12-15,63.049965
2016-12-16,62.812073
2016-12-19,62.998997
2016-12-20,63.253880
2016-12-21,63.106274
2016-12-22,62.908905
2016-12-23,63.149193
2016-12-27,63.106274
2016-12-28,62.780186
2016-12-29,62.917507
2016-12-30,62.711559
2017-01-03,63.295055
2017-01-04,63.835693
2017-01-05,64.050224
2017-01-06,64.178947
2017-01-09,63.861420
2017-01-10,63.955826
2017-01-11,63.998707
2017-01-12,64.127464
2017-01-13,64.307655
2017-01-17,64.127464
2017-01-18,63.964405
2017-01-19,63.904354
2017-01-20,64.050224
2017-01-23,64.067390
2017-01-24,64.444939
2017-01-25,64.934090
2017-01-26,64.891182
2017-01-27,64.839684
2017-01-30,64.419220
2017-01-31,64.453545
2017-02-01,64.565086
2017-02-02,64.582253
2017-02-03,64.865417
2017-02-06,64.719551
2017-02-07,64.693802
2017-02-08,64.805374
2017-02-09,65.045647
2017-02-10,65.208687
2017-02-13,65.526199
2017-02-14,65.757881
2017-02-15,65.886604
2017-02-16,66.049652
2017-02-17,65.980988
2017-02-21,66.247017
2017-02-22,66.307068
2017-02-23,66.247017
2017-02-24,66.247017
2017-02-27,66.289917
2017-02-28,66.144028
2017-03-01,66.847702
2017-03-02,66.418648
2017-03-03,66.641762
2017-03-06,66.427231
2017-03-07,66.212677
2017-03-08,66.006737
2017-03-09,66.083977
2017-03-10,66.461540
2017-03-13,66.736145
2017-03-14,66.204086
2017-03-15,66.933502
2017-03-16,67.190948
2017-03-17,67.036476
2017-03-20,66.959251
2017-03-21,66.238426
2017-03-22,66.607422
2017-03-23,66.410042
2017-03-24,66.504440
2017-03-27,66.452942
2017-03-28,66.984985
2017-03-29,66.924911
2017-03-30,67.062225
2017-03-31,66.821953
2017-04-03,66.796211
2017-04-04,66.693230
2017-04-05,66.581673
2017-04-06,66.615997
2017-04-07,66.641762
2017-04-10,66.658905
2017-04-11,66.779037
2017-04-12,66.581673
2017-04-13,66.058220
2017-04-17,66.547363
2017-04-18,66.298500
2017-04-19,66.238426
2017-04-20,66.641762
2017-04-21,66.573097
2017-04-24,67.688652
2017-04-25,68.109161
2017-04-26,68.006157
2017-04-27,67.954681
2017-04-28,67.946083
2017-05-01,68.152039
2017-05-02,68.186363
2017-05-03,68.126305
2017-05-04,68.349411
2017-05-05,68.718399
2017-05-08,68.598267
2017-05-09,68.563934
2017-05-10,68.598267
2017-05-11,68.452370
2017-05-12,68.503883
2017-05-15,68.950081
2017-05-16,69.121719
2017-05-17,68.023308
2017-05-18,68.143456
2017-05-19,68.726990
2017-05-22,69.198959
2017-05-23,69.070221
2017-05-24,69.379150
2017-05-25,69.404877
2017-05-26,69.404877
2017-05-30,69.507889
2017-05-31,69.361992
2017-06-01,69.902618
2017-06-02,70.245850
2017-06-05,70.022743
2017-06-06,69.876869
2017-06-07,69.911179
2017-06-08,69.945511
2017-06-09,69.825394
2017-06-12,69.696655
2017-06-13,70.082802
2017-06-14,69.902618
2017-06-15,69.525032
2017-06-16,69.919769
2017-06-19,70.357422
2017-06-20,69.744492
2017-06-21,69.623123
2017-06-22,69.623123
2017-06-23,69.848518
2017-06-26,69.917892
2017-06-27,69.623123
2017-06-28,70.134613
2017-06-29,69.614449
2017-06-30,69.640465
2017-07-03,69.675133
2017-07-05,69.727158
2017-07-06,69.276360
2017-07-07,69.579788
2017-07-10,69.701149
2017-07-11,69.735817
2017-07-12,70.186630
2017-07-13,70.438042
2017-07-14,70.802139
2017-07-17,70.654778
2017-07-18,70.802139
2017-07-19,71.140244
2017-07-20,71.322281
2017-07-21,71.027557
2017-07-24,70.992867
2017-07-25,71.261620
2017-07-26,71.435013
2017-07-27,71.200928
2017-07-28,71.287636
2017-07-31,71.330971
2017-08-01,71.747101
2017-08-02,71.573708
2017-08-03,71.539032
2017-08-04,71.625740
2017-08-07,71.712418
2017-08-08,71.443680
2017-08-09,71.400330
2017-08-10,70.386032
2017-08-11,70.281990
2017-08-14,70.984200
2017-08-15,70.871506
2017-08-16,71.114243
2017-08-17,70.177948
2017-08-18,70.203964
2017-08-21,70.177948
2017-08-22,70.828163
2017-08-23,70.698135
2017-08-24,70.542084
2017-08-25,70.732803
2017-08-28,70.741463
2017-08-29,70.767487
2017-08-30,70.828163
2017-08-31,71.391647
2017-09-01,71.452332
2017-09-05,71.027557
2017-09-06,71.278969
2017-09-07,71.573708
2017-09-08,71.504379
2017-09-11,72.197899
2017-09-12,72.327950
2017-09-13,72.275932
2017-09-14,72.362625
2017-09-15,72.423325
2017-09-18,72.484001
2017-09-19,72.605370
2017-09-20,72.735405
2017-09-21,72.466660
2017-09-22,72.683380
2017-09-25,72.414635
2017-09-26,72.353951
2017-09-27,72.700737
2017-09-28,72.614029
2017-09-29,72.900116
2017-10-02,73.186195
2017-10-03,73.272881
2017-10-04,73.376923
2017-10-05,73.637001
2017-10-06,73.454964
2017-10-09,73.350906
2017-10-10,73.706352
2017-10-11,73.949089
2017-10-12,73.905746
2017-10-13,74.087814
2017-10-16,74.122490
2017-10-17,74.131157
2017-10-18,74.183167
2017-10-19,74.200516
2017-10-20,74.347900
2017-10-23,74.287224
2017-10-24,74.269867
2017-10-25,73.879738
2017-10-26,74.001106
2017-10-27,74.269867
2017-10-30,74.226524
2017-10-31,74.451927
2017-11-01,74.460579
2017-11-02,74.625305
2017-11-03,74.599297
2017-11-06,74.885391
2017-11-07,74.729355
2017-11-08,74.972084
2017-11-09,74.538605
2017-11-10,74.521278
2017-11-13,74.373886
2017-11-14,74.209190
2017-11-15,73.914436
2017-11-16,74.538605
2017-11-17,74.365242
2017-11-20,74.477936
2017-11-21,74.946068
2017-11-22,74.980743
2017-11-24,75.318848
2017-11-27,75.110779
2017-11-28,75.682961
2017-11-29,75.500885
2017-11-30,75.908356
2017-12-01,75.778328
2017-12-04,75.587593
2017-12-05,75.414223
2017-12-06,75.396881
2017-12-07,75.578934
2017-12-08,75.925705
2017-12-11,76.047089
2017-12-12,76.298485
2017-12-13,76.289833
2017-12-14,76.107742
2017-12-15,76.246475
2017-12-18,76.974693
2017-12-19,76.830315
2017-12-20,76.725281
2017-12-21,76.926544
2017-12-22,77.092819
2017-12-26,77.005310
2017-12-27,77.110336
2017-12-28,77.250328
2017-12-29,77.101562
2018-01-02,77.687874
2018-01-03,78.151642
2018-01-04,78.501678
2018-01-05,79.122948
2018-01-08,78.930450
2018-01-09,79.114227
2018-01-10,78.930450
2018-01-11,79.481750
2018-01-12,80.199287
2018-01-16,80.059273
2018-01-17,80.540565
2018-01-18,80.391800
2018-01-19,80.759331
2018-01-22,81.319359
2018-01-23,81.581879
2018-01-24,81.739395
2018-01-25,81.625626
2018-01-26,82.316917
2018-01-29,81.791901
2018-01-30,80.960594
2018-01-31,81.100601
2018-02-01,81.091843
2018-02-02,79.385483
2018-02-05,76.042747
2018-02-06,77.460335
2018-02-07,76.917809
2018-02-08,74.406395
2018-02-09,75.386444
2018-02-12,76.244019
2018-02-13,76.375275
2018-02-14,77.600349
2018-02-15,78.309143
2018-02-16,78.484169
2018-02-20,77.880379
2018-02-21,77.399094
2018-02-22,77.609108
2018-02-23,78.702942
2018-02-26,79.446724
2018-02-27,78.291641
2018-02-28,77.565369
2018-03-01,76.541527
2018-03-02,76.786552
2018-03-05,77.582855
2018-03-06,77.792877
2018-03-07,77.819115
2018-03-08,78.099136
2018-03-09,79.000450
2018-03-12,79.079216
2018-03-13,78.527924
2018-03-14,78.405403
2018-03-15,78.326660
2018-03-16,78.335419
2018-03-19,77.469109
2018-03-20,77.521599
2018-03-21,77.521599
2018-03-22,75.797737
2018-03-23,74.590149
2018-03-26,76.270271
2018-03-27,75.115173
2018-03-28,75.220192
2018-03-29,76.244019
2018-04-02,74.633904
2018-04-03,75.360191
2018-04-04,75.929008
2018-04-05,76.541527
2018-04-06,75.395218
2018-04-09,75.823990
2018-04-10,76.917809
2018-04-11,76.541527
2018-04-12,77.031548
2018-04-13,76.830315
2018-04-16,77.329094
2018-04-17,78.046638
2018-04-18,78.221649
2018-04-19,77.775368
2018-04-20,77.241592
2018-04-23,77.189079
2018-04-24,76.489037
2018-04-25,76.436523
2018-04-26,77.189079
2018-04-27,77.180313
2018-04-30,76.812820
2018-05-01,76.830315
2018-05-02,76.419037
2018-05-03,76.524033
2018-05-04,77.075317
2018-05-07,77.337837
2018-05-08,77.267838
2018-05-09,77.819115
2018-05-10,78.457916
2018-05-11,78.632927
2018-05-14,78.825455
2018-05-15,78.221649
2018-05-16,78.466667
2018-05-17,78.545433
2018-05-18,78.291641
2018-05-21,78.755440
2018-05-22,78.667931
2018-05-23,78.370407
2018-05-24,78.221649
2018-05-25,77.994156
2018-05-29,76.891563
2018-05-30,77.871643
2018-05-31,77.320335
2018-06-01,78.160393
2018-06-04,78.440407
2018-06-05,78.431679
2018-06-06,79.149208
2018-06-07,78.895439
2018-06-08,79.184235
2018-06-11,79.394234
2018-06-12,79.359230
2018-06-13,79.149208
2018-06-14,79.219208
2018-06-15,79.079216
2018-06-18,78.720444
2018-06-19,78.342346
2018-06-20,78.448601
2018-06-21,77.988182
2018-06-22,78.360069
2018-06-25,77.332985
2018-06-26,77.439217
2018-06-27,76.766296
2018-06-28,77.182449
2018-06-29,77.439217
2018-07-02,77.288719
2018-07-03,76.987663
2018-07-05,77.793388
2018-07-06,78.404350
2018-07-09,78.944458
2018-07-10,79.245491
2018-07-11,78.262650
2018-07-12,78.979858
2018-07-13,79.148094
2018-07-16,78.971024
2018-07-17,79.218933
2018-07-18,79.440285
2018-07-19,79.068413
2018-07-20,79.298615
2018-07-23,79.307472
2018-07-24,79.661636
2018-07-25,80.281425
2018-07-26,80.148636
2018-07-27,79.750191
2018-07-30,79.511116
2018-07-31,79.767906
2018-08-01,79.537689
2018-08-02,79.714760
2018-08-03,79.936134
2018-08-06,80.015823
2018-08-07,80.343414
2018-08-08,80.387695
2018-08-09,80.095497
2018-08-10,79.192375
2018-08-13,78.935593
2018-08-14,79.218933
2018-08-15,78.501732
2018-08-16,79.050697
2018-08-17,79.334030
2018-08-20,79.670479
2018-08-21,80.042358
2018-08-22,80.148636
2018-08-23,79.927261
2018-08-24,80.316841
2018-08-27,81.078316
2018-08-28,81.016350
2018-08-29,81.459038
2018-08-30,81.069466
2018-08-31,80.679886
2018-09-04,80.361137
2018-09-05,79.962685
2018-09-06,79.803299
2018-09-07,79.404877
2018-09-10,79.617371
2018-09-11,79.909554
2018-09-12,80.095497
2018-09-13,80.617905
2018-09-14,80.671005
2018-09-17,80.387695
2018-09-18,80.839272
2018-09-19,81.149139
2018-09-20,81.910614
2018-09-21,81.901772
2018-09-24,81.574150
2018-09-25,81.494461
2018-09-26,81.529884
2018-09-27,81.494461
2018-09-28,81.281982
2018-10-01,81.574150
2018-10-02,81.220001
2018-10-03,81.361649
2018-10-04,80.458527
2018-10-05,80.139778
2018-10-08,79.794464
2018-10-09,79.652809
2018-10-10,77.598595
2018-10-11,76.040268
2018-10-12,76.890266
2018-10-15,76.438690
2018-10-16,77.979332
2018-10-17,77.784554
2018-10-18,76.677750
2018-10-19,76.784004
2018-10-22,76.598061
2018-10-23,75.960571
2018-10-24,73.738144
2018-10-25,74.924644
2018-10-26,73.888672
2018-10-29,73.543350
2018-10-30,74.597023
2018-10-31,75.482430
2018-11-01,76.208496
2018-11-02,75.951721
2018-11-05,76.297035
2018-11-06,76.651207
2018-11-07,78.041313
2018-11-08,77.545486
2018-11-09,77.102783
2018-11-12,75.526703
2018-11-13,75.721497
2018-11-14,75.269951
2018-11-15,75.845474
2018-11-16,76.022552
2018-11-19,75.048576
2018-11-20,73.702728
2018-11-21,74.331367
2018-11-23,73.738144
2018-11-26,74.641289
2018-11-27,74.765244
2018-11-28,76.412125
2018-11-29,76.181923
2018-11-30,76.332451
2018-12-03,77.341835
2018-12-04,74.986595
2018-12-06,74.747520
2018-12-07,73.410553
2018-12-10,73.260002
2018-12-11,73.180336
2018-12-12,73.968376
2018-12-13,73.817848
2018-12-14,72.551682
2018-12-17,71.418350
2018-12-18,71.446030
2018-12-19,70.642159
2018-12-20,69.615013
2018-12-21,68.346672
2018-12-24,67.024757
2018-12-26,69.222000
2018-12-27,69.909752
2018-12-28,70.017006
2018-12-31,70.499702
2019-01-02,70.508644
2019-01-03,69.328720
2019-01-04,71.438271
2019-01-07,71.768997
2019-01-08,72.475159
2019-01-09,72.975739
2019-01-10,73.306465
2019-01-11,73.091927
2019-01-14,72.823753
2019-01-15,73.485237
2019-01-16,73.556755
2019-01-17,74.084137
2019-01-18,74.897568
2019-01-22,73.869591
2019-01-23,74.039429
2019-01-24,74.182465
2019-01-25,74.942238
2019-01-28,74.388054
2019-01-29,74.513199
2019-01-30,75.433876
2019-01-31,75.943390
2019-02-01,75.916565
2019-02-04,76.372444
2019-02-05,76.792564
2019-02-06,76.586975
2019-02-07,75.800354
2019-02-08,75.728867
2019-02-11,75.719910
2019-02-12,76.685303
2019-02-13,76.864075
2019-02-14,76.756790
2019-02-15,77.713249
2019-02-19,77.900963
2019-02-20,78.124443
2019-02-21,77.892029
2019-02-22,78.330009
2019-02-25,78.499855
2019-02-26,78.589249
2019-02-27,78.392586
2019-02-28,78.204880
2019-03-01,78.723320
2019-03-04,78.383652
2019-03-05,78.383652
2019-03-06,77.972488
2019-03-07,77.203766
2019-03-08,77.087540
2019-03-11,78.097618
2019-03-12,78.249565
2019-03-13,78.875290
2019-03-14,78.732262
2019-03-15,79.331154
2019-03-18,79.644012
2019-03-19,79.670837
2019-03-20,79.509933
2019-03-21,80.073074
2019-03-22,78.508804
2019-03-25,78.517738
2019-03-26,79.045113
2019-03-27,78.768013
2019-03-28,78.937859
2019-03-29,79.366913
2019-04-01,80.287582
2019-04-02,80.314423
2019-04-03,80.627274
2019-04-04,80.698784
2019-04-05,81.002686
2019-04-08,81.092087
2019-04-09,80.627274
2019-04-10,80.913307
2019-04-11,80.877571
2019-04-12,81.404938
2019-04-15,81.387062
2019-04-16,81.449631
2019-04-17,81.404938
2019-04-18,81.530090
2019-04-22,81.539017
2019-04-23,81.968079
2019-04-24,81.682030
2019-04-25,81.619461
2019-04-26,81.994911
2019-04-29,82.128990
2019-04-30,82.316673
2019-05-01,81.619461
2019-05-02,81.485397
2019-05-03,82.352440
2019-05-06,81.825050
2019-05-07,80.439568
2019-05-08,80.412750
2019-05-09,80.055199
2019-05-10,80.403793
2019-05-13,78.598183
2019-05-14,79.295403
2019-05-15,79.778091
2019-05-16,80.412750
2019-05-17,80.001556
2019-05-20,79.438431
2019-05-21,80.082001
2019-05-22,79.849602
2019-05-23,78.919983
2019-05-24,79.349022
2019-05-28,78.669701
2019-05-29,78.079735
2019-05-30,78.330009
2019-05-31,77.552353
2019-06-03,77.355698
2019-06-04,78.902100
2019-06-05,79.304344
2019-06-06,79.644012
2019-06-07,80.645157
2019-06-10,81.056328
2019-06-11,80.940140
2019-06-12,80.770279
2019-06-13,80.904366
2019-06-14,80.671951
2019-06-17,80.639351
2019-06-18,81.563522
2019-06-19,81.925957
2019-06-20,82.696106
2019-06-21,82.451462
2019-06-24,82.478645
2019-06-25,81.799103
2019-06-26,81.799103
2019-06-27,82.025620
2019-06-28,82.469589
2019-07-01,83.040413
2019-07-02,83.303162
2019-07-03,83.883041
2019-07-05,83.674629
2019-07-08,83.266922
2019-07-09,83.176315
2019-07-10,83.584061
2019-07-11,83.774323
2019-07-12,84.018936
2019-07-15,83.973648
2019-07-16,83.719955
2019-07-17,83.420952
2019-07-18,83.574982
2019-07-19,83.239746
2019-07-22,83.484390
2019-07-23,84.018936
2019-07-24,84.308891
2019-07-25,83.674629
2019-07-26,84.308891
2019-07-29,84.218277
2019-07-30,83.674629
2019-07-31,83.230675
2019-08-01,82.306496
2019-08-02,81.654121
2019-08-05,79.561150
2019-08-06,80.258812
2019-08-07,80.702782
2019-08-08,81.835350
2019-08-09,81.391373
2019-08-12,80.358482
2019-08-13,81.463875
2019-08-14,79.189644
2019-08-15,79.370872
2019-08-16,80.186317
2019-08-19,81.001762
2019-08-20,80.557808
2019-08-21,81.282646
2019-08-22,81.038017
2019-08-23,79.298370
2019-08-26,80.131958
2019-08-27,79.950745
2019-08-28,80.258812
2019-08-29,81.201111
2019-08-30,81.400436
2019-09-03,80.902115
2019-09-04,81.862518
2019-09-05,82.786697
2019-09-06,82.922615
2019-09-09,82.949806
2019-09-10,83.158188
2019-09-11,83.430023
2019-09-12,83.873978
2019-09-13,83.855858
2019-09-16,83.620285
2019-09-17,83.901169
2019-09-18,83.955536
2019-09-19,84.055183
2019-09-20,83.701828
2019-09-23,83.556854
2019-09-24,83.058533
2019-09-25,83.294113
2019-09-26,83.339409
2019-09-27,82.976974
2019-09-30,83.158188
2019-10-01,82.288361
2019-10-02,80.657463
2019-10-03,81.454803
2019-10-04,82.261200
2019-10-07,82.215897
2019-10-08,81.038017
2019-10-09,81.527290
2019-10-10,82.243080
2019-10-11,83.312233
2019-10-14,83.167252
2019-10-15,84.000832
2019-10-16,83.819618
2019-10-17,84.317947
2019-10-18,83.946465
2019-10-21,84.444794
2019-10-22,84.073318
2019-10-23,84.481041
2019-10-24,84.707558
2019-10-25,84.915955
2019-10-28,85.260269
2019-10-29,85.359932
2019-10-30,85.677048
2019-10-31,85.278389
2019-11-01,86.175377
2019-11-04,86.456253
2019-11-05,86.483421
2019-11-06,86.510620
2019-11-07,86.673721
2019-11-08,86.764320
2019-11-11,86.709961
2019-11-12,86.845863
2019-11-13,86.800568
2019-11-14,86.682762
2019-11-15,87.416672
2019-11-18,87.335144
2019-11-19,87.407608
2019-11-20,86.990829
2019-11-21,86.773361
2019-11-22,86.954590
2019-11-25,87.643211
2019-11-26,87.715668
2019-11-27,88.204948
2019-11-29,87.670372
2019-12-02,87.117683
2019-12-03,86.628395
2019-12-04,87.217339
2019-12-05,87.326073
2019-12-06,87.978432
2019-12-09,87.661316
2019-12-10,87.625069
2019-12-11,88.023750
2019-12-12,88.567383
2019-12-13,88.966042
2019-12-16,89.683968
2019-12-17,89.418755
2019-12-18,89.363884
2019-12-19,89.665703
2019-12-20,90.095551
2019-12-23,90.068108
2019-12-24,90.113838
2019-12-26,90.452240
2019-12-27,90.607712
2019-12-30,89.930931
2019-12-31,90.342468
2020-01-02,91.028427
2020-01-03,90.260185
2020-01-06,90.772354
2020-01-07,90.534538
2020-01-08,90.790634
2020-01-09,91.311935
2020-01-10,90.946129
2020-01-13,91.531456
2020-01-14,91.348518
2020-01-15,91.476555
2020-01-16,92.208237
2020-01-17,92.519188
2020-01-21,92.034470
2020-01-22,92.199089
2020-01-23,92.125923
2020-01-24,91.513145
2020-01-27,89.949203
2020-01-28,90.781479
2020-01-29,90.808922
2020-01-30,90.946129
2020-01-31,89.382172
2020-02-03,89.866905
2020-02-04,91.467422
2020-02-05,92.317993
2020-02-06,92.647232
2020-02-07,92.034470
2020-02-10,92.500908
2020-02-11,92.930756
2020-02-12,93.397202
2020-02-13,93.095383
2020-02-14,93.214279
2020-02-18,92.949051
2020-02-19,93.314880
2020-02-20,92.921631
2020-02-21,92.272255
2020-02-24,89.071220
2020-02-25,86.684151
2020-02-26,86.428062
2020-02-27,83.199593
2020-02-28,82.010643
2020-03-02,85.266563
2020-03-03,83.345924
2020-03-04,86.519531
2020-03-05,83.894684
2020-03-06,82.586838
2020-03-09,75.745743
2020-03-10,79.157135
2020-03-11,75.215294
2020-03-12,67.368164
2020-03-13,72.828232
2020-03-16,64.542107
2020-03-17,68.200432
2020-03-18,64.404892
2020-03-19,64.889641
2020-03-20,62.767807
2020-03-23,61.633739
2020-03-24,67.240105
2020-03-25,68.447380
2020-03-26,72.270332
2020-03-27,70.075340
2020-03-30,71.913643
2020-03-31,71.273438
2020-04-01,68.044960
2020-04-02,69.444267
2020-04-03,68.383354
2020-04-06,72.700172
2020-04-07,72.828232
2020-04-08,74.565941
2020-04-09,75.928665
2020-04-13,75.288445
2020-04-14,77.181648
2020-04-15,75.434799
2020-04-16,75.635994
2020-04-17,77.620636
2020-04-20,76.513985
2020-04-21,74.410454
2020-04-22,75.882935
2020-04-23,75.846359
2020-04-24,76.687752
2020-04-27,77.840141
2020-04-28,77.885872
2020-04-29,79.943680
2020-04-30,78.983376
2020-05-01,76.943848
2020-05-04,77.099327
2020-05-05,77.520050
2020-05-06,77.007874
2020-05-07,78.023064
2020-05-08,79.577843
2020-05-11,79.623566
2020-05-12,78.132812
2020-05-13,76.916405
2020-05-14,77.282257
2020-05-15,77.620636
2020-05-18,80.126602
2020-05-19,79.266876
2020-05-20,80.721077
2020-05-21,79.971123
2020-05-22,79.989410
2020-05-26,81.480171
2020-05-27,82.659996
2020-05-28,82.815468
2020-05-29,82.952660
2020-06-01,83.830666
2020-06-02,84.580620
2020-06-03,85.925049
2020-06-04,85.595802
2020-06-05,87.553001
2020-06-08,88.623070
2020-06-09,87.799934
2020-06-10,87.479851
2020-06-11,82.513649
2020-06-12,83.711769
2020-06-15,84.385246
2020-06-16,85.789528
2020-06-17,85.706367
2020-06-18,85.641693
2020-06-19,85.207497
2020-06-22,85.909607
2020-06-23,86.288399
2020-06-24,84.061905
2020-06-25,85.124329
2020-06-26,83.295105
2020-06-29,84.302101
2020-06-30,85.124329
2020-07-01,85.604736
2020-07-02,86.251465
2020-07-06,87.581802
2020-07-07,86.667183
2020-07-08,87.406281
2020-07-09,86.824226
2020-07-10,87.701897
2020-07-13,86.916611
2020-07-14,88.117645
2020-07-15,89.041496
2020-07-16,88.635010
2020-07-17,88.921379
2020-07-20,89.614304
2020-07-21,89.789818
2020-07-22,90.224030
2020-07-23,89.207787
2020-07-24,88.653473
2020-07-27,89.503441
2020-07-28,88.921379
2020-07-29,89.956123
2020-07-30,89.420273
2020-07-31,89.290947
2020-08-03,90.251762
2020-08-04,90.676727
2020-08-05,91.231041
2020-08-06,91.609833
2020-08-07,91.323425
2020-08-10,91.591339
2020-08-11,91.212570
2020-08-12,92.699959
2020-08-13,92.607590
2020-08-14,92.358154
2020-08-17,92.977135
2020-08-18,93.097244
2020-08-19,92.672264
2020-08-20,92.866272
2020-08-21,92.930946
2020-08-24,93.854805
2020-08-25,94.150452
2020-08-26,95.009613
2020-08-27,94.889534
2020-08-28,95.453079
2020-08-31,95.120468
2020-09-01,95.933487
2020-09-02,97.042114
2020-09-03,94.085770
2020-09-04,93.448296
2020-09-08,91.277245
2020-09-09,92.949425
2020-09-10,91.582108
2020-09-11,91.822319
2020-09-14,93.041817
2020-09-15,93.596138
2020-09-16,93.291252
2020-09-17,92.727707
2020-09-18,91.933182
2020-09-21,90.399574
2020-09-22,91.009315
2020-09-23,89.198563
2020-09-24,89.401810
2020-09-25,90.501183
2020-09-28,91.960892
2020-09-29,91.656021
2020-09-30,91.942421
2020-10-01,92.505966
2020-10-02,91.831551
2020-10-05,93.476028
2020-10-06,92.358154
2020-10-07,93.642319
2020-10-08,94.335228
2020-10-09,95.065056
2020-10-12,96.266068
2020-10-13,95.684044
2020-10-14,95.092781
2020-10-15,94.695503
2020-10-16,94.806381
2020-10-19,93.670029
2020-10-20,94.095009
2020-10-21,93.716232
2020-10-22,94.095009
2020-10-23,94.547699
2020-10-26,92.810837
2020-10-27,92.348923
2020-10-28,89.327888
2020-10-29,90.094696
2020-10-30,89.180084
2020-11-02,90.224030
2020-11-03,92.154907
2020-11-04,93.891762
2020-11-05,95.878044
2020-11-06,96.007385
2020-11-09,97.457855
2020-11-10,97.679581
2020-11-11,98.363228
2020-11-12,97.346985
2020-11-13,98.557243
2020-11-16,99.712067
2020-11-17,99.444145
2020-11-18,98.594200
2020-11-19,99.194717
2020-11-20,98.908302
2020-11-23,99.277847
2020-11-24,100.848412
2020-11-25,100.765266
2020-11-27,101.217957
2020-11-30,100.645164
2020-12-01,101.735329
2020-12-02,101.836945
2020-12-03,101.920097
2020-12-04,102.936333
2020-12-07,102.557556
2020-12-08,102.890144
2020-12-09,102.252686
2020-12-10,102.345070
2020-12-11,102.058670
2020-12-14,102.053070
2020-12-15,103.160446
2020-12-16,103.402382
2020-12-17,104.202667
2020-12-18,103.886261
2020-12-21,103.179062
2020-12-22,103.104607
2020-12-23,103.411682
2020-12-24,103.700142
2020-12-28,104.314316
2020-12-29,104.351547
2020-12-30,104.491112
2020-12-31,104.602791
2021-01-04,103.876945
2021-01-05,104.677223
2021-01-06,105.309998
2021-01-07,106.519707
2021-01-08,107.301369
2021-01-11,106.314995
2021-01-12,106.612755
2021-01-13,106.780266
2021-01-14,106.696533
2021-01-15,105.663597
2021-01-19,106.519707
2021-01-20,107.775963
2021-01-21,107.757339
2021-01-22,107.338585
2021-01-25,107.589844
2021-01-26,107.440956
2021-01-27,104.863350
2021-01-28,105.589165
2021-01-29,103.746681
2021-02-01,105.309998
2021-02-02,106.640694
2021-02-03,106.780266
2021-02-04,107.710823
2021-02-05,108.129555
2021-02-08,108.976357
2021-02-09,109.274124
2021-02-10,109.162460
2021-02-11,109.534683
2021-02-12,110.065102
2021-02-16,110.325645
2021-02-17,110.139542
2021-02-18,109.562599
2021-02-19,109.562599
2021-02-22,108.846062
2021-02-23,108.836769
2021-02-24,109.702179
2021-02-25,107.366501
2021-02-26,106.333603
2021-03-01,108.762329
2021-03-02,108.343590
2021-03-03,106.845406
2021-03-04,105.561264
2021-03-05,107.059433
2021-03-08,106.529015
2021-03-09,108.185394
2021-03-10,108.799553
2021-03-11,109.813858
2021-03-12,109.906906
2021-03-15,110.390778
2021-03-16,110.539680
2021-03-17,110.930504
2021-03-18,109.385796
2021-03-19,109.423027
2021-03-22,109.897598
2021-03-23,108.874001
2021-03-24,108.278450
2021-03-25,108.901909
2021-03-26,110.269829
2021-03-29,110.120926
2021-03-30,109.878983
2021-03-31,110.260506
2021-04-01,111.460915
2021-04-05,112.987007
2021-04-06,112.707863
2021-04-07,112.772980
2021-04-08,113.554634
2021-04-09,114.047829
2021-04-12,113.973404
2021-04-13,114.559647
2021-04-14,114.168823
2021-04-15,115.397133
2021-04-16,115.797279
2021-04-19,115.322693
2021-04-20,114.187424
2021-04-21,115.173798
2021-04-22,114.382828
2021-04-23,115.592545
2021-04-26,115.815880
2021-04-27,115.732132
2021-04-28,115.806572
2021-04-29,116.178772
2021-04-30,115.024902
2021-05-03,115.629761
2021-05-04,114.513115
2021-05-05,114.969086
2021-05-06,115.862404
2021-05-07,116.997665
2021-05-10,115.955467
2021-05-11,114.745735
2021-05-12,112.447304
2021-05-13,113.703537
2021-05-14,115.527412
2021-05-17,115.117966
2021-05-18,114.764366
2021-05-19,114.140884
2021-05-20,115.546013
2021-05-21,115.555313
2021-05-24,116.597549
2021-05-25,116.374191
2021-05-26,116.541695
2021-05-27,116.644066
2021-05-28,116.876694
2021-06-01,116.997665
2021-06-02,117.202393
2021-06-03,116.718498
2021-06-04,117.788643
2021-06-07,117.984062
2021-06-08,117.993347
2021-06-09,117.788643
2021-06-10,118.254791
2021-06-11,118.592438
2021-06-14,118.798790
2021-06-15,118.564308
2021-06-16,117.935898
2021-06-17,117.738922
2021-06-18,115.938080
2021-06-21,117.504433
2021-06-22,117.935898
2021-06-23,117.635757
2021-06-24,118.573692
2021-06-25,118.883194
2021-06-28,118.817558
2021-06-29,118.911346
2021-06-30,118.714378
2021-07-01,119.173973
2021-07-02,119.905556
2021-07-06,119.567894
2021-07-07,120.008728
2021-07-08,118.667480
2021-07-09,120.261978
2021-07-12,120.777840
2021-07-13,120.149414
2021-07-14,120.430794
2021-07-15,119.774246
2021-07-16,118.901962
2021-07-19,117.072990
2021-07-20,118.564308
2021-07-21,119.858658
2021-07-22,120.046242
2021-07-23,121.171768
2021-07-26,121.246803
2021-07-27,120.824745
2021-07-28,121.040459
2021-07-29,121.668869
2021-07-30,120.834114
2021-08-02,121.021713
2021-08-03,121.818939
2021-08-04,121.434395
2021-08-05,122.175354
2021-08-06,121.978378
2021-08-09,121.997169
2021-08-10,122.137848
2021-08-11,122.578674
2021-08-12,122.831917
2021-08-13,123.207108
2021-08-16,123.169579
2021-08-17,122.231636
2021-08-18,121.228043
2021-08-19,120.777840
2021-08-20,121.650124
2021-08-23,122.803780
2021-08-24,123.047638
2021-08-25,123.244598
2021-08-26,122.588051
2021-08-27,123.647919
2021-08-30,124.013718
2021-08-31,123.826118
2021-09-01,124.229416
2021-09-02,124.623367
2021-09-03,124.792168
2021-09-07,124.473297
2021-09-08,124.079353
2021-09-09,123.657288
2021-09-10,122.953835
2021-09-13,123.375908
2021-09-14,122.785027
2021-09-15,123.525978
2021-09-16,123.347771
2021-09-17,122.081573
2021-09-20,120.018112
2021-09-21,120.224457
2021-09-22,121.284317
2021-09-23,122.691223
2021-09-24,122.475502
2021-09-27,122.222244
2021-09-28,119.614807
2021-09-29,119.605408
2021-09-30,118.611206
2021-10-01,119.577263
2021-10-04,118.189140
2021-10-05,119.136444
2021-10-06,119.370934
2021-10-07,120.374519
2021-10-08,120.243210
2021-10-11,119.605408
2021-10-12,119.399071
2021-10-13,120.074387
2021-10-14,121.987770
2021-10-15,122.869415
2021-10-18,123.047638
2021-10-19,123.910545
2021-10-20,124.295097
2021-10-21,124.417015
2021-10-22,124.501442
2021-10-25,124.848473
2021-10-26,125.017296
2021-10-27,124.398285
2021-10-28,125.551918
2021-10-29,125.533173
2021-11-01,126.067787
2021-11-02,126.330414
2021-11-03,127.202690
2021-11-04,127.484062
2021-11-05,127.896774
2021-11-08,127.981171
2021-11-09,127.596626
2021-11-10,126.339775
2021-11-11,126.611794
2021-11-12,127.587234
2021-11-15,127.484062
2021-11-16,127.793587
2021-11-17,127.455940
2021-11-18,127.765457
2021-11-19,127.202690
2021-11-22,126.546127
2021-11-23,126.555504
2021-11-24,126.649307
2021-11-26,123.807373
2021-11-29,124.895370
2021-11-30,122.963219
2021-12-01,121.509438
2021-12-02,123.235222
2021-12-03,122.306656
2021-12-06,123.572868
2021-12-07,126.152184
2021-12-08,126.583656
2021-12-09,125.495651
2021-12-10,126.227234
2021-12-13,125.126740
2021-12-14,124.125420
2021-12-15,126.014679
2021-12-16,125.410110
2021-12-17,124.078186
2021-12-20,123.039078
2021-12-21,125.022858
2021-12-22,126.128052
2021-12-23,127.034897
2021-12-27,128.432953
2021-12-28,128.300705
2021-12-29,128.385727
2021-12-30,128.203308
2021-12-31,127.900864
2022-01-03,128.590851
2022-01-04,128.590851
2022-01-05,126.435844
2022-01-06,126.199547
2022-01-07,125.887642
2022-01-10,125.367805
2022-01-11,126.672142
2022-01-12,127.229782
2022-01-13,125.689163
2022-01-14,125.708054
2022-01-18,123.449081
2022-01-19,122.560638
2022-01-20,121.416985
2022-01-21,119.271431
2022-01-24,119.186356
2022-01-25,118.004883
2022-01-26,117.598473
2022-01-27,116.974655
2022-01-28,119.035133
2022-01-31,121.284653
2022-02-01,122.277069
2022-02-02,123.297859
2022-02-03,120.641930
2022-02-04,121.190132
2022-02-07,121.038895
2022-02-08,121.908455
2022-02-09,123.770439
2022-02-10,121.842308
2022-02-11,119.696762
2022-02-14,119.195816
2022-02-15,121.265755
2022-02-16,121.483131
2022-02-17,119.129654
2022-02-18,118.241188
2022-02-22,116.832878
2022-02-23,115.141022
2022-02-24,115.708122
2022-02-25,118.411316
2022-02-28,117.749702
2022-03-01,115.840446
2022-03-02,117.749702
2022-03-03,116.483162
2022-03-04,114.923630
2022-03-07,111.483200
2022-03-08,111.105148
2022-03-09,114.526649
2022-03-10,113.827232
2022-03-11,112.381111
2022-03-14,111.936882
2022-03-15,114.054062
2022-03-16,117.040817
2022-03-17,118.269539
2022-03-18,119.791260
2022-03-21,119.668404
2022-03-22,121.057808
2022-03-23,119.554985
2022-03-24,121.029457
2022-03-25,121.398071
2022-03-28,121.936806
2022-03-29,123.827148
2022-03-30,123.042671
2022-03-31,121.133430
2022-04-01,121.747787
2022-04-04,122.617340
2022-04-05,120.991638
2022-04-06,119.668404
2022-04-07,120.188248
2022-04-08,119.838539
2022-04-11,118.042694
2022-04-12,117.503944
2022-04-13,118.987869
2022-04-14,117.778046
2022-04-18,117.381081
2022-04-19,118.846100
2022-04-20,119.016228
2022-04-21,117.239304
2022-04-22,114.347076
2022-04-25,114.621178
2022-04-26,111.539925
2022-04-27,111.955780
2022-04-28,114.365974
2022-04-29,110.982262
2022-05-02,111.379227
2022-05-03,111.974693
2022-05-04,114.866920
2022-05-05,110.679802
2022-05-06,109.961472
2022-05-09,106.398170
2022-05-10,106.643921
2022-05-11,105.235588
2022-05-12,105.197792
2022-05-13,107.901001
2022-05-16,107.579628
2022-05-17,109.762970
2022-05-18,105.897224
2022-05-19,105.849960
2022-05-20,106.161873
2022-05-23,107.986053
2022-05-24,107.211021
2022-05-25,108.004959
2022-05-26,109.895302
2022-05-27,112.163719
2022-05-31,111.473755
2022-06-01,110.594734
2022-06-02,112.834793
2022-06-03,110.972801
2022-06-06,111.369781
2022-06-07,112.296051
2022-06-08,111.010612
2022-06-09,108.424194
2022-06-10,105.344879
2022-06-13,101.293137
2022-06-14,100.787872
2022-06-15,102.456223
2022-06-16,99.386452
2022-06-17,99.472244
2022-06-21,101.541016
2022-06-22,101.207359
2022-06-23,101.836548
2022-06-24,104.925400
2022-06-27,104.667999
2022-06-28,102.894768
2022-06-29,102.713631
2022-06-30,101.893753
2022-07-01,102.732704
2022-07-05,102.294174
2022-07-06,102.542038
2022-07-07,104.115051
2022-07-08,104.153175
2022-07-11,102.646896
2022-07-12,102.122559
2022-07-13,101.788887
2022-07-14,101.045265
2022-07-15,102.761307
2022-07-18,102.437164
2022-07-19,105.220947
2022-07-20,105.506943
2022-07-21,106.641418
2022-07-22,105.764351
2022-07-25,106.126617
2022-07-26,104.715660
2022-07-27,107.413643
2022-07-28,108.595787
2022-07-29,110.178337
2022-08-01,109.997200
2022-08-02,109.034332
2022-08-03,110.416695
2022-08-04,110.588287
2022-08-05,110.245071
2022-08-08,110.206947
2022-08-09,109.654007
2022-08-10,112.085045
2022-08-11,112.113632
2022-08-12,113.667595
2022-08-15,113.791527
2022-08-16,114.020332
2022-08-17,113.124199
2022-08-18,113.133720
2022-08-19,111.617905
2022-08-22,109.377533
2022-08-23,109.377533
2022-08-24,109.682602
2022-08-25,111.112633
2022-08-26,107.642448
2022-08-29,107.041832
2022-08-30,105.955009
2022-08-31,105.135132
2022-09-01,104.830063
2022-09-02,103.895790
2022-09-06,103.447716
2022-09-07,105.039803
2022-09-08,105.583206
2022-09-09,107.632904
2022-09-12,108.881783
2022-09-13,104.429657
2022-09-14,104.839592
2022-09-15,103.771851
2022-09-16,102.971031
2022-09-19,103.571648
2022-09-20,102.303688
2022-09-21,100.663940
2022-09-22,99.824989
2022-09-23,97.613220
2022-09-26,96.431068
2022-09-27,96.173668
2022-09-28,98.147095
2022-09-29,96.450142
2022-09-30,95.287056
2022-10-03,97.622749
2022-10-04,100.949936
2022-10-05,100.568604
2022-10-06,99.329254
2022-10-07,96.812424
2022-10-10,96.202278
2022-10-11,95.382393
2022-10-12,95.086853
2022-10-13,97.536957
2022-10-14,95.296600
2022-10-17,97.746696
2022-10-18,98.795364
2022-10-19,97.956429
2022-10-20,97.317696
2022-10-21,99.415047
2022-10-24,100.168198
2022-10-25,102.065353
2022-10-26,101.817490
2022-10-27,101.293137
2022-10-28,103.228447
2022-10-31,102.408562
2022-11-01,102.427635
2022-11-02,100.072861
2022-11-03,99.090919
2022-11-04,101.169220
2022-11-07,101.941422
2022-11-08,102.675491
2022-11-09,100.730675
2022-11-10,106.288689
2022-11-11,107.747299
2022-11-14,106.670029
2022-11-15,107.594780
2022-11-16,106.898827
2022-11-17,106.622353
2022-11-18,107.022774
2022-11-21,106.384026
2022-11-22,107.899841
2022-11-23,108.729256
2022-11-25,108.872246
2022-11-28,107.261101
2022-11-29,107.165764
2022-11-30,110.054405
2022-12-01,110.416695
2022-12-02,110.292747
2022-12-05,108.328850
2022-12-06,107.070419
2022-12-07,106.936958
2022-12-08,107.709175
2022-12-09,107.156235
2022-12-12,108.243057
2022-12-13,109.346504
2022-12-14,108.837509
2022-12-15,106.052475
2022-12-16,104.938454
2022-12-19,104.189362
2022-12-20,104.448662
2022-12-21,105.889206
2022-12-22,104.573517
2022-12-23,105.101707
2022-12-27,104.852013
2022-12-28,103.593948
2022-12-29,105.389816
2022-12-30,104.919243
2023-01-03,104.775192
2023-01-04,105.802780
2023-01-05,104.563911
2023-01-06,107.032028
2023-01-09,107.156883
2023-01-10,107.742699
2023-01-11,108.914345
2023-01-12,109.759453
2023-01-13,110.249237
2023-01-17,110.239632
2023-01-18,108.971962
2023-01-19,108.280502
2023-01-20,110.018745
2023-01-23,111.113564
2023-01-24,111.007919
2023-01-25,111.228806
2023-01-26,112.150749
2023-01-27,112.314003
2023-01-30,111.046333
2023-01-31,112.371628
2023-02-01,113.552879
2023-02-02,114.695702
2023-02-03,113.485657
2023-02-06,112.650131
2023-02-07,113.946625
2023-02-08,112.871017
2023-02-09,112.189171
2023-02-10,112.198769
2023-02-13,113.447235
2023-02-14,113.591286
2023-02-15,113.754547
2023-02-16,112.515686
2023-02-17,112.246780
2023-02-21,110.326065
2023-02-22,110.076385
2023-02-23,110.604568
2023-02-24,109.144821
2023-02-27,109.826675
2023-02-28,109.461746
2023-03-01,109.317703
2023-03-02,109.941933
2023-03-03,111.660957
2023-03-06,111.612953
2023-03-07,109.845886
2023-03-08,110.105186
2023-03-09,108.376534
2023-03-10,106.839966
2023-03-13,106.532654
2023-03-14,108.155670
2023-03-15,106.638283
2023-03-16,108.414955
2023-03-17,107.137672
2023-03-20,108.309319
2023-03-21,109.855492
2023-03-22,108.434166
2023-03-23,108.607025
2023-03-24,108.923943
2023-03-27,109.442528
2023-03-28,109.356110
2023-03-29,110.835052
2023-03-30,111.641754
2023-03-31,113.005463
2023-04-03,113.533669
2023-04-04,113.101501
2023-04-05,112.611725
2023-04-06,113.015076
2023-04-10,113.120712
2023-04-11,113.264771
2023-04-12,113.168724
2023-04-13,114.686104
2023-04-14,114.417191
2023-04-17,114.580452
2023-04-18,114.878174
2023-04-19,114.705315
2023-04-20,114.253944
2023-04-21,114.494026
2023-04-24,114.628471
2023-04-25,112.832603
2023-04-26,112.467667
2023-04-27,114.455620
2023-04-28,115.041428
2023-05-01,114.926186
2023-05-02,113.677727
2023-05-03,113.187935
2023-05-04,112.640541
2023-05-05,114.618866
2023-05-08,114.666885
2023-05-09,114.196312
2023-05-10,114.474808
2023-05-11,114.205925
2023-05-12,114.042656
2023-05-15,114.724503
2023-05-16,113.735344
2023-05-17,114.820541
2023-05-18,115.560036
2023-05-19,115.617653
2023-05-22,115.694473
2023-05-23,114.311554
2023-05-24,113.235962
2023-05-25,113.716133
2023-05-26,115.156677
2023-05-30,114.782127
2023-05-31,113.898598
2023-06-01,115.271919
2023-06-02,117.000565
2023-06-05,116.645233
2023-06-06,117.144615
2023-06-07,116.514343
2023-06-08,117.280373
2023-06-09,117.416115
2023-06-12,118.327606
2023-06-13,119.219681
2023-06-14,119.442711
2023-06-15,120.916595
2023-06-16,120.519035
2023-06-20,119.500885
2023-06-21,119.180908
2023-06-22,119.161507
2023-06-23,118.094887
2023-06-26,117.852470
2023-06-27,119.074242
2023-06-28,119.093643
2023-06-29,119.442711
2023-06-30,120.742058
2023-07-03,121.013565
2023-07-05,120.392975
2023-07-06,119.045151
2023-07-07,119.142128
2023-07-10,119.510582
2023-07-11,120.412376
2023-07-12,121.721413
2023-07-13,123.127426
2023-07-14,122.797729
2023-07-17,123.069244
2023-07-18,124.048607
2023-07-19,124.213448
2023-07-20,123.466805
2023-07-21,123.534683
2023-07-24,123.718903
2023-07-25,124.038910
2023-07-26,124.126160
2023-07-27,123.360146
2023-07-28,124.543129
2023-07-31,124.640091
2023-08-01,124.029198
2023-08-02,122.080193
2023-08-03,121.711716
2023-08-04,121.420822
2023-08-07,122.458359
2023-08-08,121.837776
2023-08-09,121.217194
2023-08-10,121.372337
2023-08-11,121.081444
2023-08-14,121.372337
2023-08-15,119.927551
2023-08-16,118.977280
2023-08-17,118.153061
2023-08-18,118.123978
2023-08-21,118.851227
2023-08-22,118.502144
2023-08-23,119.762695
2023-08-24,118.172462
2023-08-25,118.977280
2023-08-28,119.888756
2023-08-29,121.595352
2023-08-30,122.070488
2023-08-31,121.886253
2023-09-01,122.089890
2023-09-05,121.411118
2023-09-06,120.674179
2023-09-07,120.325104
2023-09-08,120.354202
2023-09-11,121.294762
2023-09-12,120.703270
2023-09-13,120.742058
2023-09-14,121.905655
2023-09-15,120.839027
2023-09-18,120.742058
2023-09-19,120.567513
2023-09-20,119.685135
2023-09-21,117.677925
2023-09-22,117.493698
2023-09-25,117.707016
2023-09-26,116.039207
2023-09-27,115.951942
2023-09-28,116.863419
2023-09-29,116.524033
2023-10-02,115.884064
2023-10-03,114.361702
2023-10-04,115.030762
2023-10-05,115.273170
2023-10-06,116.601608
2023-10-09,117.125221
2023-10-10,118.085190
2023-10-11,118.608810
2023-10-12,117.697319
2023-10-13,117.018570
2023-10-16,118.153061
2023-10-17,118.143364
2023-10-18,116.417374
2023-10-19,115.370155
2023-10-20,114.080498
2023-10-23,113.935043
2023-10-24,114.710777
2023-10-25,113.227196
2023-10-26,112.073303
2023-10-27,111.520592
2023-10-30,112.897507
2023-10-31,113.556877
2023-11-01,114.730171
2023-11-02,117.057358
2023-11-03,118.230644
2023-11-06,118.191856
2023-11-07,118.288818
2023-11-08,118.317909
2023-11-09,117.629448
2023-11-10,119.113029
2023-11-13,119.151817
2023-11-14,121.653534
2023-11-15,121.847473
2023-11-16,121.847473
2023-11-17,122.468056
2023-11-20,123.214691
2023-11-21,122.952881
2023-11-22,123.369835
2023-11-24,123.651039
2023-11-27,123.447411
2023-11-28,123.544373
2023-11-29,123.563774
2023-11-30,123.903152
2023-12-01,124.853409
2023-12-04,124.155251
2023-12-05,123.961327
2023-12-06,123.670433
2023-12-07,124.562523
2023-12-08,125.008560
2023-12-11,125.483704
2023-12-12,125.813377
2023-12-13,127.675117
2023-12-14,128.344193
2023-12-15,127.946640
2023-12-18,128.538116
2023-12-19,129.430191
2023-12-20,127.708603
2023-12-21,129.204376
2023-12-22,129.468338
2023-12-26,130.006027
2023-12-27,130.377533
2023-12-28,130.299332
2023-12-29,130.045135
2024-01-02,128.959976
2024-01-03,127.923676
2024-01-04,127.777031
2024-01-05,127.933456
2024-01-08,129.624756
2024-01-09,129.106613
2024-01-10,129.859390
2024-01-11,129.849609
2024-01-12,129.957138
2024-01-16,129.057724
2024-01-17,128.216965
2024-01-18,129.292358
2024-01-19,130.641510
2024-01-22,130.944565
2024-01-23,131.110764
2024-01-24,131.413834
2024-01-25,131.931976
2024-01-26,132.049301
2024-01-29,133.066055
2024-01-30,132.948730
2024-01-31,131.198746
2024-02-01,132.714081
2024-02-02,133.398438
2024-02-05,132.802063
2024-02-06,133.320206
2024-02-07,134.082779
2024-02-08,134.160995
2024-02-09,134.815994
2024-02-12,134.913773
2024-02-13,132.890060
2024-02-14,134.307632
2024-02-15,135.451462
2024-02-16,134.952866
2024-02-20,134.532486
2024-02-21,134.620468
2024-02-22,137.045013
2024-02-23,137.191650
2024-02-26,136.663727
2024-02-27,137.015671
2024-02-28,136.585526
2024-02-29,137.142776
2024-03-01,138.374603
2024-03-04,138.208389
2024-03-05,137.133011
2024-03-06,138.159515
2024-03-07,139.645523
2024-03-08,138.902512
2024-03-11,138.501694
2024-03-12,139.958389
2024-03-13,139.831284
2024-03-14,139.215363
2024-03-15,138.570145
2024-03-18,138.990494
2024-03-19,139.674866
2024-03-20,140.984894
2024-03-21,141.434601
2024-03-22,141.170624
2024-03-25,140.779587
2024-03-26,140.593842
2024-03-27,141.669235
2024-03-28,141.669235
2024-04-01,141.268402
2024-04-02,140.290756
2024-04-03,140.711136
2024-04-04,139.117615
2024-04-05,140.349426
2024-04-08,140.505859
2024-04-09,140.613388
2024-04-10,139.058945
2024-04-11,140.017014
2024-04-12,137.836899
2024-04-15,136.429108
2024-04-16,135.871841
2024-04-17,135.422134
2024-04-18,135.021301
2024-04-19,134.239197
2024-04-22,135.412369
2024-04-23,136.927689
2024-04-24,136.820145
2024-04-25,136.331345
2024-04-26,137.651154
2024-04-29,138.071518
2024-04-30,136.057602
2024-05-01,135.500351
2024-05-02,136.947250
2024-05-03,138.609238
2024-05-06,139.968155
2024-05-07,140.114792
2024-05-08,140.104996
2024-05-09,140.916458
2024-05-10,141.151093
2024-05-13,141.063110
2024-05-14,141.894104
2024-05-15,143.516953
2024-05-16,143.165024
2024-05-17,143.448517
2024-05-20,143.497406
2024-05-21,143.732056
2024-05-22,143.037933
2024-05-23,142.050522
2024-05-24,143.037933
2024-05-28,143.067245
2024-05-29,141.581253
2024-05-30,141.395493
2024-05-31,142.451355
2024-06-03,142.793503
2024-06-04,142.764191
2024-06-05,144.259964
2024-06-06,144.347946
2024-06-07,143.741821
2024-06-10,144.064453
2024-06-11,143.866333
2024-06-12,145.206741
2024-06-13,144.891342
2024-06-14,144.467560
2024-06-17,145.344727
2024-06-18,145.827667
2024-06-20,145.591125
2024-06-21,145.108170
2024-06-24,145.147614
2024-06-25,145.650253
2024-06-26,145.571411
2024-06-27,145.610840
2024-06-28,145.364441
2024-07-01,145.679825
2024-07-02,146.438736
2024-07-03,147.434158
2024-07-05,148.331055
2024-07-08,148.173355
2024-07-09,148.262054
2024-07-10,149.829147
2024-07-11,149.089966
2024-07-12,150.203674
2024-07-15,150.213531
2024-07-16,151.090714
2024-07-17,149.415207
2024-07-18,148.074799
2024-07-19,147.030060
2024-07-22,148.597168
2024-07-23,148.124069
2024-07-24,145.108170
2024-07-25,144.388702
2024-07-26,145.995209
2024-07-29,145.945923
2024-07-30,145.531998
2024-07-31,147.808701
2024-08-01,145.187027
2024-08-02,142.535782
2024-08-05,138.652573
2024-08-06,139.717010
2024-08-07,139.145355
2024-08-08,142.102127
2024-08-09,142.939880
2024-08-12,142.811752
2024-08-13,145.295441
2024-08-14,145.738968
2024-08-15,147.926971
2024-08-16,148.538040
2024-08-19,150.026276
2024-08-20,149.809433
2024-08-21,150.666885
2024-08-22,149.306793
2024-08-23,151.583496
2024-08-26,151.149841
2024-08-27,151.376526
2024-08-28,150.657043
2024-08-29,150.755600
2024-08-30,151.958008
2024-09-03,148.833710
2024-09-04,148.547882
2024-09-05,148.025528
2024-09-06,145.620697
2024-09-09,147.177917
2024-09-10,147.582016
2024-09-11,149.030838
2024-09-12,150.164261
2024-09-13,150.933014
2024-09-16,151.455383
2024-09-17,151.208969
2024-09-18,150.804871
2024-09-19,153.416702
2024-09-20,152.874619
2024-09-23,153.337845
2024-09-24,153.820786
2024-09-25,153.436401
2024-09-26,154.835953
2024-09-27,154.362854
2024-09-30,154.648682
2024-10-01,153.367416
2024-10-02,153.387131
2024-10-03,152.805618
2024-10-04,154.086884
2024-10-07,152.766205
2024-10-08,153.820786
2024-10-09,154.638824
2024-10-10,154.382568
2024-10-11,155.269592
2024-10-14,156.255173
2024-10-15,154.707825
2024-10-16,155.338593
2024-10-17,155.427292
2024-10-18,156.117188
2024-10-21,155.437149
2024-10-22,155.190750
2024-10-23,153.643387
2024-10-24,154.146011
2024-10-25,153.899612
2024-10-28,154.579681
2024-10-29,154.579681
2024-10-30,154.017899
2024-10-31,151.514496
2024-11-01,152.125580
2024-11-04,151.918594
2024-11-05,153.712387
2024-11-06,156.077789
2024-11-07,157.605438
2024-11-08,157.575882
2024-11-11,157.940536
2024-11-12,156.885956
2024-11-13,156.678986
2024-11-14,156.028503
2024-11-15,154.402283
2024-11-18,155.121750
2024-11-19,155.575134
2024-11-20,155.486420
2024-11-21,156.284760
2024-11-22,156.964813
2024-11-25,157.457596
2024-11-26,157.743423
2024-11-27,157.546310
2024-11-29,158.817719
2024-12-02,159.221817
2024-12-03,159.389359
2024-12-04,160.315811
2024-12-05,160.325668
2024-12-06,160.601639
2024-12-09,159.685028
2024-12-10,159.004974
2024-12-11,160.246811
2024-12-12,159.211945
2024-12-13,159.024689
2024-12-16,159.369644
2024-12-17,158.777206
2024-12-18,154.192520
2024-12-19,153.974197
2024-12-20,155.165024
2024-12-23,156.197067
2024-12-24,157.556610
2024-12-26,157.844391
2024-12-27,156.395554
2024-12-30,154.926849
2024-12-31,154.311600
2025-01-02,154.013885
2025-01-03,155.780289
2025-01-06,156.554321
2025-01-07,155.214645
2025-01-08,155.234482
2025-01-10,153.071152
2025-01-13,153.051300
2025-01-14,153.249771
2025-01-15,155.909302
2025-01-16,155.939072
2025-01-17,157.189423
2025-01-21,159.045151
2025-01-22,159.660400
2025-01-23,160.632919
2025-01-24,160.503922
2025-01-27,158.757355
2025-01-28,159.700089
2025-01-29,159.184082
2025-01-30,160.315369
2025-01-31,159.432175
2025-02-03,158.152023
2025-02-04,159.412323
2025-02-05,160.315369
2025-02-06,160.821457
2025-02-07,159.372635
2025-02-10,160.444366
2025-02-11,160.732147
2025-02-12,160.593231
2025-02-13,162.300079
2025-02-14,162.309998
2025-02-18,162.835953
2025-02-19,162.776413
2025-02-20,162.458862
2025-02-21,160.047424
2025-02-24,159.402405
2025-02-25,159.184082
2025-02-26,159.283310
2025-02-27,156.852036
2025-02-28,158.777206
2025-03-03,157.080276
2025-03-04,155.760452
2025-03-05,158.023026
2025-03-06,155.294037
2025-03-07,156.435242
2025-03-10,152.168106
2025-03-11,151.265060
2025-03-12,152.029175
2025-03-13,150.084167
2025-03-14,153.279556
2025-03-17,154.678772
2025-03-18,153.349014
2025-03-19,154.738312
2025-03-20,154.142899
2025-03-21,154.043655
2025-03-24,156.216919
2025-03-25,156.574173
2025-03-26,154.787933
2025-03-27,154.390991
2025-03-28,151.711624
2025-03-31,152.009323
2025-04-01,152.426132
2025-04-02,153.448257
2025-04-03,147.146774
2025-04-04,138.185791
2025-04-07,136.955261
2025-04-08,135.258331
2025-04-09,147.345245
2025-04-10,142.998734
2025-04-11,145.797165
2025-04-14,147.136856
2025-04-15,147.315475
2025-04-16,144.923889
2025-04-17,145.549088
2025-04-21,142.879639
2025-04-22,146.253662
2025-04-23,148.079590
2025-04-24,150.937592
2025-04-25,151.880325
2025-04-28,152.277267
2025-04-29,153.001678
2025-04-30,153.100922
2025-05-01,153.597107
2025-05-02,156.008545
2025-05-05,155.432968
2025-05-06,154.520004
2025-05-07,154.837555
2025-05-08,155.423035
2025-05-09,155.581818
2025-05-12,159.402405
2025-05-13,160.384827
2025-05-14,160.384827
2025-05-15,161.268021
2025-05-16,162.260376
2025-05-19,162.677170
2025-05-20,162.508469
2025-05-21,160.374908
2025-05-22,160.255829
2025-05-23,159.729874
2025-05-27,162.577942
2025-05-28,161.526047
2025-05-29,162.101608
2025-05-30,162.061905
2025-06-02,163.193192
2025-06-03,163.659607
2025-06-04,163.858078
2025-06-05,163.183273
2025-06-06,164.582504
2025-06-09,164.661880
2025-06-10,165.277161
2025-06-11,164.900055
2025-06-12,165.693939
2025-06-13,163.738998
2025-06-16,165.160004
2025-06-17,163.639999
2025-06-18,163.679993
2025-06-20,163.020004
2025-06-23,164.490005
2025-06-24,166.410004
2025-06-25,166.119995
2025-06-26,167.699997
2025-06-27,168.589996
2025-06-30,169.380005
2025-07-01,169.149994
2025-07-02,169.869995
2025-07-03,170.869995
2025-07-07,169.470001
2025-07-08,169.559998
2025-07-09,170.699997
2025-07-10,171.029999
2025-07-11,170.110001
2025-07-14,170.460007
2025-07-15,169.470001
2025-07-16,170.000000
2025-07-17,170.949997
2025-07-18,170.809998
2025-07-21,171.220001
2025-07-22,171.520004
2025-07-23,173.490005
2025-07-24,173.350006
2025-07-25,173.750000
2025-07-28,173.000000
2025-07-29,172.630005
2025-07-30,172.139999
2025-07-31,171.100006
2025-08-01,168.960007
2025-08-04,171.419998
2025-08-05,170.839996
2025-08-06,172.190002
2025-08-07,172.350006
2025-08-08,173.630005
2025-08-11,173.100006
2025-08-12,175.119995
2025-08-13,175.770004
2025-08-14,175.600006
2025-08-15,175.720001
2025-08-18,175.389999
